prd_id,prd_key,prd_nm,prd_cost,prd_line,prd_start_dt,prd_end_dt
639,CO-PE-MR-P72D-44,Pedals Red 44,245,T,2013-07-29,
502,AC-HE-UF-D69I-54,Helmets Red 54,400, T,2011-07-06,
337,CO-RF-MF-Z73W-42,Road Frames Black 42,930,R,2013-11-07,
301,BI-MB-DD-W99S-43,Mountain Bikes Yellow 43,603,M,2012-04-12,
554,AC-HE-ZT-M57N-47,Helmets Yellow 47,953,M,2011-02-16,2011-10-14
499,AC-BC-HZ-F81Q-38,Bottles and Cages Black 38,1303,S,2010-06-05,
565,CL-SH-ZM-Z37G-45,Shorts Red 45,583,T,2013-05-16,
552,BI-TB-JR-W99Q-51,Touring Bikes Red 51,284,T,2011-05-13,2012-07-13
450,CL-GL-XG-S53J-54,Gloves White 54,,S,2012-05-10,
541,BI-MB-RC-X44M-55,Mountain Bikes Black 55,1050,M,2012-04-16,
658,AC-BR-IB-G33B-49,Bike Racks White 49,1260,T,2010-08-07,2011-03-03
466,AC-BR-TG-B32D-49,Bike Racks Blue 49,1416,M,2011-06-25,
641,CO-WH-MM-L66L-51,Wheels Silver 51,1185,R,2011-03-06,
268,CO-PE-TT-Q64G-49,Pedals Black 49,783,,2012-06-11,
693,CL-GL-EX-M70O-62,Gloves Red 62,695,S,2011-04-22,
408,CO-PE-DH-B37C-61,Pedals Yellow 61,1386,R,2011-11-23,2011-10-24
584,CO-WH-OY-M86D-41,Wheels Blue 41,1070,M,2010-05-27,
234,CO-PE-XQ-M38E-46,Pedals Silver 46,489,M,2011-01-11,
380,CL-SH-ZN-H62U-51,Shorts Yellow 51,587, S,2011-11-20,2013-01-19
217,BI-MB-JH-M28U-52,Mountain Bikes Red 52,111,M,2011-09-28,2012-10-18
249,CL-GL-SB-C57P-43,Gloves Yellow 43,422,M,2013-07-14,
572,BI-RB-GZ-G92L-46,Road Bikes Black 46,646,R,2010-02-21,2010-12-13
310,CL-SH-HO-A27P-46,Shorts Silver 46,464,T,2011-12-20,2012-12-03
669,CO-PE-AW-J65M-51,Pedals Yellow 51,608,R,2012-12-14,
302,BI-TB-HZ-U98L-52,Touring Bikes Yellow 52,208,T,2012-05-17,
490,BI-RB-MC-R88K-50,Road Bikes White 50,1103,R,2011-11-06,2012-11-03
364,AC-BC-TM-A37J-56,Bottles and Cages Black 56,1444,T,2011-09-12,
612,CO-WH-JK-M39M-50,Wheels White 50,172,T,2012-12-10,
605,CO-WH-TF-C39A-38,Wheels Red 38,981,,2012-02-14,
454,CL-JE-QY-E63Z-43,Jerseys Red 43,1138,S,2012-10-21,
246,BI-RB-EJ-K60F-61,Road Bikes Yellow 61,1255,R,2012-06-13,2013-09-29
314,AC-BC-KL-Q60N-61,Bottles and Cages Blue 61,637,,2011-09-03,
494,CO-RF-SE-E87C-44,Road Frames Red 44,296,S,2012-07-09,2013-02-20
568,BI-TB-LU-U14G-51,Touring Bikes Black 51,796,T,2013-11-16,
321,CL-JE-IY-H11Z-58,Jerseys Black 58,197,R,2013-11-30,2015-01-09
382,AC-BC-SH-J74I-46,Bottles and Cages Silver 46,494,T,2010-12-27,2011-12-09
498,AC-BC-GU-N18B-62,Bottles and Cages Red 62,648,R,2010-11-11,
441,BI-MB-BY-P69U-43,Mountain Bikes White 43,1361,M,2012-02-09,
481,CO-WH-CL-U71O-62,Wheels Black 62,192,,2011-06-02,
516,CL-GL-II-L75P-38,Gloves Silver 38,1446,M,2010-05-19,
493,CL-JE-AL-O41I-50,Jerseys Blue 50,925,S,2010-08-28,
224,CO-PE-AK-L55L-48,Pedals Blue 48,432,S,2012-01-20,2013-03-11
238,CO-PE-VZ-W61Z-57,Pedals Black 57,1313,S,2011-08-28,
464,CL-SH-MX-A83W-41,Shorts Blue 41,39,T,2011-03-05,
558,CL-GL-QP-T49L-48,Gloves Yellow 48,183,R,2012-05-13,
263,CL-JE-BK-U36Z-41,Jerseys Blue 41,1052,M,2010-07-16,2011-03-21
486,CO-PE-ZS-G56X-43,Pedals Blue 43,623,M,2011-12-14,
221,CO-WH-SG-G21R-44,Wheels Red 44,68,M,2011-08-28,
610,AC-BC-IP-H85B-59,Bottles and Cages Yellow 59,1513,M,2012-04-19,
292,CO-PE-HR-P88X-50,Pedals White 50,932,S,2013-04-12,
691,AC-BC-PU-R99U-60,Bottles and Cages Blue 60,1004,M,2011-10-12,
326,BI-MB-WQ-U78E-57,Mountain Bikes Silver 57,715, M,2011-07-24,
411,CL-GL-UO-Z89X-39,Gloves Black 39,1447,T,2012-01-01,2012-09-29
547,CL-JE-VC-R35E-52,Jerseys Blue 52,854,,2012-06-01,2013-09-09
241,CL-SH-GP-K61K-58,Shorts Blue 58,320,T,2012-05-09,
429,CL-JE-TT-D12T-39,Jerseys White 39,78,R,2011-05-08,
449,AC-BR-PX-C12E-49,Bike Racks Silver 49,1030,T,2011-04-16,
518,AC-BR-CT-D38C-44,Bike Racks Yellow 44,1439,T,2011-05-01,2011-12-05
527,CL-GL-XV-V86X-42,Gloves White 42,641,S,2010-02-03,
564,CL-SH-ZM-Z37G-45,Shorts Red 45,530,T,2012-01-10,2013-05-15
387,BI-MB-TK-Z14L-56,Mountain Bikes White 56,423,M,2010-04-04,2011-07-01
235,CL-SH-JB-G37W-46,Shorts Red 46,531, R,2011-04-30,
306,BI-MB-LJ-F56Q-59,Mountain Bikes White 59,1299,M,2013-01-28,
563,CL-SH-MM-I64D-52,Shorts Blue 52,464,S,2012-07-05,
619,AC-BR-KB-J94F-62,Bike Racks Black 62,482,S,2012-05-30,2013-03-21
436,AC-BC-TG-C11X-49,Bottles and Cages Black 49,1049,,2012-03-21,
350,CO-RF-QM-J58T-49,Road Frames Silver 49,23,S,2011-11-14,
362,CO-PE-XI-X68H-52,Pedals Silver 52,782,T,2011-12-01,2012-08-07
245,CL-GL-ED-E49L-57,Gloves Red 57,711,T,2012-11-09,
492,AC-BR-II-F37K-39,Bike Racks Black 39,1088,S,2011-09-25,
412,CL-GL-UO-Z89X-39,Gloves Black 39,1592,T,2012-09-30,
291,CO-PE-HR-P88X-50,Pedals White 50,855, S,2012-08-15,2013-04-11
531,CO-RF-VP-H50Z-45,Road Frames Black 45,799,T,2010-12-13,2012-01-21
491,BI-RB-MC-R88K-50,Road Bikes White 50,1213,R,2012-11-04,
269,CL-JE-EQ-T59I-49,Jerseys Red 49,1161,,2011-08-24,
478,BI-RB-ZF-J31M-47,Road Bikes Blue 47,1357,R,2010-06-17,
685,CL-JE-YK-R88U-50,Jerseys Red 50,177,M,2013-04-09,
602,BI-TB-QP-S47I-48,Touring Bikes Yellow 48,1271,T,2014-10-07,
398,AC-BC-GD-C90W-50,Bottles and Cages Blue 50,1390,S,2012-10-05,
428,CO-PE-LL-T21B-49,Pedals Black 49,1306,S,2013-05-04,
233,CL-SH-PP-D92E-54,Shorts Yellow 54,222,T,2012-04-24,
315,BI-MB-PQ-O66U-60,Mountain Bikes White 60,1365, M,2011-10-11,2012-05-02
312,CL-SH-HO-A27P-46,Shorts Silver 46,557,T,2014-04-16,
591,BI-TB-RB-P53G-53,Touring Bikes White 53,1032,T,2010-12-18,2012-02-05
399,CL-JE-UD-D69I-56,Jerseys Red 56,1156,M,2011-09-11,2012-08-14
692,CL-GL-EX-M70O-62,Gloves Red 62,632,S,2010-05-09,2011-04-21
403,CO-WH-KC-Z99E-55,Wheels Red 55,926,,2012-08-08,2013-11-12
352,CO-PE-ES-S65J-44,Pedals Red 44,1107,S,2012-02-22,
378,BI-MB-XE-X97A-57,Mountain Bikes Silver 57,453,M,2011-09-05,
551,BI-MB-RA-D35P-50,Mountain Bikes Yellow 50,1324,M,2014-09-18,
574,AC-BC-QM-H54I-56,Bottles and Cages White 56,1315,S,2010-06-29,
485,CO-PE-ZS-G56X-43,Pedals Blue 43,566,M,2011-04-28,2011-12-13
562,CL-SH-MM-I64D-52,Shorts Blue 52,422,S,2011-04-06,2012-07-04
442,CO-PE-YB-T47J-53,Pedals Black 53,1340,S,2010-08-25,2011-03-22
673,BI-TB-YJ-D15Q-46,Touring Bikes Blue 46,1435,T,2010-03-08,2011-05-09
265,CL-SH-NK-J24M-44,Shorts Black 44,1444,R,2012-08-26,2013-03-19
626,CO-WH-SC-F13T-60,Wheels White 60,1212,T,2010-08-12,2011-08-10
663,AC-HE-VC-K23B-50,Helmets White 50,1280,T,2012-02-26,
390,BI-MB-SZ-W39F-49,Mountain Bikes Red 49,615,M,2012-09-15,
225,CO-PE-AK-L55L-48,Pedals Blue 48,475,S,2013-03-12,
226,AC-HE-TQ-I17S-60,Helmets Blue 60,129,R,2011-12-12,
259,CO-RF-MJ-O42U-58,Road Frames Yellow 58,1266,R,2012-06-28,
483,CL-JE-BG-D15O-43,Jerseys Red 43,130,,2010-06-20,
570,BI-TB-JY-P52U-46,Touring Bikes Black 46,683,T,2011-06-04,2011-05-05
365,CL-JE-HA-J52U-62,Jerseys White 62,936,M,2010-02-13,
277,AC-BC-VA-M86L-46,Bottles and Cages Red 46,83,,2012-06-23,2013-09-25
659,AC-BR-IB-G33B-49,Bike Racks White 49,1386,T,2011-03-04,2011-10-24
349,CO-RF-DK-E45J-42,Road Frames White 42,130,R,2011-05-07,
251,BI-RB-IF-S74R-57,Road Bikes Blue 57,1377,R,2012-07-21,2013-06-01
512,CO-WH-MA-W57K-61,Wheels Silver 61,690,,2013-01-26,2014-01-23
459,AC-BR-WG-G72X-53,Bike Racks Blue 53,527,,2010-08-16,2011-07-18
561,CO-RF-UO-I70J-43,Road Frames Yellow 43,554,R,2010-08-29,
595,BI-TB-EB-M45I-55,Touring Bikes Red 55,148,T,2013-08-03,
229,CL-GL-BI-D20Q-62,Gloves Blue 62,1416,R,2012-03-08,
660,AC-BR-IB-G33B-49,Bike Racks White 49,1512,T,2011-10-25,
548,CL-JE-VC-R35E-52,Jerseys Blue 52,939,,2013-09-10,
680,CO-PE-WJ-H74P-49,Pedals Black 49,728,T,2010-08-30,
262,AC-BC-UN-T90Y-43,Bottles and Cages Silver 43,708,M,2011-03-29,
615,AC-BC-GF-W85Z-38,Bottles and Cages Silver 38,1416,R,2011-11-25,2012-11-28
517,CO-RF-MX-V95S-39,Road Frames White 39,273,S,2010-10-31,
280,CO-RF-HN-U56E-42,Road Frames Blue 42,459,R,2013-01-29,
592,BI-TB-RB-P53G-53,Touring Bikes White 53,1135,T,2012-02-06,
628,BI-RB-RV-W48V-51,Road Bikes Blue 51,175,R,2011-12-09,2012-11-17
593,BI-RB-MZ-D31N-45,Road Bikes Blue 45,348,R,2012-05-29,
300,CO-PE-WU-O60T-46,Pedals Yellow 46,918,T,2011-04-15,
645,AC-BR-JI-T23H-42,Bike Racks Black 42,1360,S,2011-02-02,
414,BI-TB-PU-L87E-50,Touring Bikes Silver 50,745,T,2013-01-17,2013-08-26
432,AC-BC-UZ-Q36Z-56,Bottles and Cages Yellow 56,628,S,2010-08-20,
413,BI-TB-PU-L87E-50,Touring Bikes Silver 50,677,T,2012-02-25,2013-01-16
682,AC-BR-BI-X92H-61,Bike Racks Silver 61,526,,2010-02-13,2011-02-02
273,CO-RF-II-G16E-38,Road Frames Yellow 38,906,S,2011-12-28,
582,CL-SH-UQ-E29O-60,Shorts Yellow 60,1103,R,2011-08-09,
581,CL-SH-UQ-E29O-60,Shorts Yellow 60,1003,R,2010-06-09,2011-08-08
401,CL-JE-UD-D69I-56,Jerseys Red 56,1387,M,2013-03-21,
397,AC-BC-GD-C90W-50,Bottles and Cages Blue 50,1264,S,2011-06-25,2012-10-04
433,BI-MB-XD-I30S-38,Mountain Bikes Silver 38,562,M,2011-12-02,2012-08-26
603,BI-MB-DE-M55I-53,Mountain Bikes Black 53,367,M,2010-07-03,2011-10-07
647,CO-WH-OZ-H42X-51,Wheels White 51,743,R,2013-03-01,2013-01-30
322,CL-JE-IY-H11Z-58,Jerseys Black 58,,R,2015-01-10,
426,CO-PE-JL-P18M-50,Pedals Silver 50,1397,S,2013-05-10,
664,BI-MB-KK-L32K-56,Mountain Bikes Blue 56,1439,M,2012-07-26,
425,CO-PE-JL-P18M-50,Pedals Silver 50,1270,S,2012-05-03,2013-05-09
242,CO-PE-ZC-I49X-58,Pedals Yellow 58,1397,T,2010-06-02,2011-07-03
653,AC-HE-KC-D58B-52,Helmets Silver 52,1107,T,2010-09-24,
283,BI-RB-CR-M13F-38,Road Bikes Silver 38,1130,R,2011-10-15,
375,CL-SH-DS-G41M-40,Shorts Yellow 40,550,M,2010-04-16,2011-08-28
585,CL-GL-BG-Z30T-58,Gloves White 58,1447, S,2010-08-07,
477,CL-JE-QV-U67P-46,Jerseys Black 46,202,T,2012-07-21,
345,BI-MB-DG-V12Y-58,Mountain Bikes Blue 58,931,M,2010-10-21,
474,BI-TB-AM-B11S-43,Touring Bikes Black 43,1194,T,2011-08-14,2012-07-21
359,CO-WH-MJ-U62V-49,Wheels Black 49,1147,S,2011-08-01,2011-07-02
347,AC-BR-YV-X58H-43,Bike Racks Blue 43,1342,M,2011-02-27,
447,CL-GL-RG-W18J-51,Gloves White 51,896,T,2012-08-30,2013-08-02
597,BI-RB-SX-C76A-47,Road Bikes Red 47,201,R,2010-01-25,
287,BI-RB-FB-R77Q-48,Road Bikes Silver 48,684,R,2011-04-23,2012-01-25
377,BI-MB-XE-X97A-57,Mountain Bikes Silver 57,412,M,2010-07-09,2011-09-04
637,CO-PE-MR-P72D-44,Pedals Red 44,204,T,2011-10-07,2012-06-29
389,BI-MB-SZ-W39F-49,Mountain Bikes Red 49,559,M,2012-01-05,2012-09-14
404,CO-WH-KC-Z99E-55,Wheels Red 55,1010,,2013-11-13,
303,CL-SH-KJ-K80G-48,Shorts Red 48,58,M,2012-07-05,2013-04-27
357,CL-SH-UG-A70V-50,Shorts Blue 50,910,S,2011-04-20,2012-06-25
542,BI-RB-WD-K74W-51,Road Bikes Yellow 51,200,R,2010-01-20,
495,CO-RF-SE-E87C-44,Road Frames Red 44,326,S,2013-02-21,
402,CO-WH-KC-Z99E-55,Wheels Red 55,842,,2011-06-24,2011-05-25
210,BI-TB-QN-T97V-38,Touring Bikes Red 38,1145,T,2012-01-29,
484,CL-SH-JK-G84Y-61,Shorts Black 61,1205,R,2010-06-12,
655,CO-RF-ZT-C65V-38,Road Frames Black 38,267,T,2011-09-17,
475,BI-TB-AM-B11S-43,Touring Bikes Black 43,1313,T,2012-07-22,
496,BI-MB-BD-E23U-42,Mountain Bikes Red 42,806,M,2010-02-01,
622,AC-BC-YJ-A77X-52,Bottles and Cages Blue 52,465,S,2010-07-05,
453,CL-JE-QY-E63Z-43,Jerseys Red 43,1043,S,2012-03-18,2012-10-20
553,BI-TB-JR-W99Q-51,Touring Bikes Red 51,312,T,2012-07-14,
528,CL-GL-WR-N55W-58,Gloves Blue 58,506,,2012-01-19,
588,BI-MB-SX-I68W-49,Mountain Bikes Blue 49,,M,2013-04-18,
409,CO-PE-DH-B37C-61,Pedals Yellow 61,1512,R,2013-03-04,
353,AC-HE-WX-J47N-43,Helmets Black 43,254, R,2010-04-17,
285,AC-BR-LU-J31V-46,Bike Racks White 46,1109,,2010-11-15,
444,CL-SH-BK-E81L-53,Shorts Silver 53,743, T,2011-11-04,2012-06-06
305,BI-MB-LJ-F56Q-59,Mountain Bikes White 59,1181,M,2012-03-19,2013-01-27
308,AC-BC-NR-F14F-49,Bottles and Cages Black 49,485,R,2012-08-20,
455,CL-GL-QM-O52D-54,Gloves Black 54,462,,2011-12-03,
683,AC-BR-BI-X92H-61,Bike Racks Silver 61,579,,2011-02-03,
354,CL-GL-OT-Q47N-51,Gloves Silver 51,1109,S,2011-05-24,2012-09-10
342,CO-PE-PM-Y34P-56,Pedals Red 56,426,S,2011-07-12,
244,CL-GL-ED-E49L-57,Gloves Red 57,646, T,2012-01-11,2012-11-08
661,AC-HE-VC-K23B-50,Helmets White 50,1067,T,2010-11-29,2011-07-28
583,AC-BR-WI-B16W-39,Bike Racks Silver 39,796,T,2011-01-31,
609,AC-BC-IP-H85B-59,Bottles and Cages Yellow 59,1375, M,2011-03-26,2012-04-18
289,CL-SH-SA-P68I-39,Shorts Red 39,954,T,2012-06-23,
385,CL-GL-AT-J96X-51,Gloves Black 51,727,T,2012-08-30,2013-05-28
473,BI-TB-GG-W28U-61,Touring Bikes Red 61,,T,2010-01-17,
309,CO-RF-QK-T10R-43,Road Frames White 43,228,M,2012-01-10,
220,BI-TB-GP-H67P-48,Touring Bikes Silver 48,131,T,2011-06-28,
635,AC-HE-WO-L46M-50,Helmets Blue 50,977,,2010-10-12,
294,AC-BC-LE-D22S-60,Bottles and Cages Yellow 60,340,M,2012-05-20,
445,CL-SH-BK-E81L-53,Shorts Silver 53,,T,2012-06-07,
330,CO-RF-QM-U67W-59,Road Frames Black 59,108,M,2010-09-08,2010-08-09
549,BI-MB-RA-D35P-50,Mountain Bikes Yellow 50,1103,M,2012-03-05,2013-05-29
419,BI-RB-US-J79Z-51,Road Bikes Red 51,504,R,2012-12-22,
649,CO-RF-VP-E22Y-59,Road Frames White 59,75,S,2011-01-19,
550,BI-MB-RA-D35P-50,Mountain Bikes Yellow 50,1213,M,2013-05-30,2014-09-17
470,CO-RF-IN-E54A-54,Road Frames Black 54,454,S,2012-04-29,
525,CL-JE-ZE-N77D-49,Jerseys Black 49,698,M,2011-02-10,2012-05-23
465,AC-BR-TG-B32D-49,Bike Racks Blue 49,1287,M,2010-03-18,2011-06-24
539,BI-MB-RC-X44M-55,Mountain Bikes Black 55,,M,2010-01-06,2011-03-24
559,BI-MB-SF-B70N-60,Mountain Bikes Red 60,433, M,2011-04-19,
260,CL-SH-DU-N92H-59,Shorts Black 59,485,R,2011-12-11,
361,CO-RF-TW-T47X-54,Road Frames Silver 54,,R,2011-07-23,
688,BI-MB-IV-I98N-44,Mountain Bikes Blue 44,808,M,2012-05-10,
611,CO-WH-JK-M39M-50,Wheels White 50,156,T,2011-11-20,2012-12-09
396,AC-HE-PX-J54L-44,Helmets Red 44,904,,2012-02-10,
424,CL-JE-VL-C59X-53,Jerseys White 53,1315,,2010-04-23,
640,AC-BC-EL-N58R-55,Bottles and Cages White 55,1056,T,2011-10-04,
406,CL-SH-PF-C28D-59,Shorts Blue 59,,,2010-01-24,
274,AC-HE-IW-H74C-51,Helmets Red 51,1107,S,2012-04-28,
405,AC-BC-HH-L82S-44,Bottles and Cages Red 44,1273,,2011-12-19,
613,AC-BR-DD-E45M-62,Bike Racks Yellow 62,176,T,2011-07-28,2012-09-26
567,BI-TB-LU-U14G-51,Touring Bikes Black 51,724,T,2012-09-21,2013-11-15
642,CO-RF-PO-B16E-47,Road Frames Red 47,1017,,2010-09-20,
327,CO-WH-NA-F83Q-52,Wheels White 52,1010,,2012-06-14,
271,BI-RB-FW-Q14Z-54,Road Bikes Yellow 54,498,R,2010-06-22,
440,BI-MB-BY-P69U-43,Mountain Bikes White 43,1247,M,2011-06-16,2012-02-08
687,BI-TB-VO-G48O-40,Touring Bikes Silver 40,351,T,2010-10-15,
422,CL-JE-UK-V74K-51,Jerseys Red 51,243,,2010-05-19,2011-01-15
576,CO-RF-CR-Z34W-53,Road Frames White 53,586,S,2012-04-23,
324,AC-BC-AO-V63F-59,Bottles and Cages Red 59,1124,M,2012-12-26,2013-08-14
511,CO-WH-MA-W57K-61,Wheels Silver 61,627,,2011-12-05,2011-11-05
656,CL-SH-FV-U17D-60,Shorts Red 60,742,T,2010-11-03,2010-10-04
264,CL-JE-BK-U36Z-41,Jerseys Blue 41,1157,M,2011-03-22,
507,BI-TB-WW-Q86Z-62,Touring Bikes Red 62,1510,T,2010-10-27,
281,CO-RF-RG-U35G-59,Road Frames Blue 59,926,M,2011-09-24,2012-12-27
463,CL-JE-ZZ-U74K-53,Jerseys White 53,98,S,2010-02-06,
348,CO-RF-DK-E45J-42,Road Frames White 42,118,R,2010-08-29,2010-07-30
662,AC-HE-VC-K23B-50,Helmets White 50,1174,T,2011-07-29,2012-02-25
514,CO-PE-YU-W23Q-56,Pedals Red 56,921,R,2012-06-27,
594,BI-TB-EB-M45I-55,Touring Bikes Red 55,135, T,2012-05-17,2013-08-02
681,CO-RF-OL-H10M-55,Road Frames Red 55,690,S,2011-01-30,
243,CO-PE-ZC-I49X-58,Pedals Yellow 58,1537,T,2011-07-04,
296,CL-GL-OB-W85K-57,Gloves Red 57,631,,2010-09-07,
256,AC-HE-UV-N57H-53,Helmets Black 53,1218,M,2012-09-22,2013-06-16
520,AC-HE-IY-B93E-53,Helmets Silver 53,173,T,2010-02-06,2010-01-07
601,BI-TB-QP-S47I-48,Touring Bikes Yellow 48,1165,T,2013-06-08,2014-10-06
358,CL-SH-UG-A70V-50,Shorts Blue 50,992,S,2012-06-26,
674,BI-TB-YJ-D15Q-46,Touring Bikes Blue 46,1579,T,2011-05-10,
270,CL-GL-EY-L56Y-38,Gloves Silver 38,593,T,2010-03-01,
410,CO-WH-FF-X52P-55,Wheels Yellow 55,572,S,2011-05-26,
577,AC-HE-NG-J43O-39,Helmets Yellow 39,808,R,2012-06-26,2012-05-27
439,BI-MB-BY-P69U-43,Mountain Bikes White 43,1134,M,2010-05-26,2011-06-15
254,CO-RF-DN-J13F-59,Road Frames Blue 59,134,S,2011-11-16,2012-06-27
323,AC-BC-AO-V63F-59,Bottles and Cages Red 59,1022,M,2012-05-14,2012-12-25
636,CO-PE-PJ-I19R-39,Pedals Red 39,882,,2010-08-22,
578,AC-HE-NG-J43O-39,Helmets Yellow 39,889,R,2013-03-02,
566,BI-MB-VR-K39M-60,Mountain Bikes White 60,773,M,2010-10-04,
586,BI-MB-SX-I68W-49,Mountain Bikes Blue 49,1083,M,2011-06-21,2012-05-04
487,AC-HE-UI-F82Z-40,Helmets Red 40,309,M,2012-09-16,2013-10-18
395,CL-SH-CR-K35D-60,Shorts Yellow 60,,M,2013-02-16,
579,CO-RF-SN-J89J-52,Road Frames Blue 52,1181,,2012-09-09,2012-08-10
596,BI-RB-FO-K94C-47,Road Bikes Silver 47,1405,R,2011-11-04,
231,CL-GL-QE-C17M-57,Gloves Blue 57,,,2011-12-19,
423,CL-JE-UK-V74K-51,Jerseys Red 51,267,,2011-01-16,
651,CL-JE-SN-A87B-62,Jerseys Red 62,667,M,2011-03-05,
606,CL-JE-HE-R78L-58,Jerseys Black 58,900,T,2011-10-30,
522,AC-HE-IY-B93E-53,Helmets Silver 53,208,T,2012-03-10,
665,BI-MB-LR-T52H-42,Mountain Bikes Blue 42,1233,M,2012-07-11,
540,BI-MB-RC-X44M-55,Mountain Bikes Black 55,963,M,2011-03-25,2012-04-15
471,CL-JE-XC-U75X-49,Jerseys Blue 49,79,T,2010-05-24,2011-03-22
557,CO-WH-QI-K86L-48,Wheels Yellow 48,,S,2012-01-07,
258,CO-RF-MJ-O42U-58,Road Frames Yellow 58,1151,R,2011-06-23,2012-06-27
420,CL-JE-BT-W58I-53,Jerseys White 53,1356,R,2010-01-21,
501,CO-WH-YD-N36S-58,Wheels Yellow 58,1526,,2011-06-06,
257,AC-HE-UV-N57H-53,Helmets Black 53,1340,M,2013-06-17,
427,CO-PE-LL-T21B-49,Pedals Black 49,1187,S,2012-01-15,2013-05-03
391,BI-MB-NK-X65V-39,Mountain Bikes Red 39,995,M,2011-01-23,2012-04-07
230,CL-GL-QE-C17M-57,Gloves Blue 57,272,,2010-11-19,2010-10-20
339,BI-RB-PG-Z61G-45,Road Bikes Red 45,,R,2011-11-14,
672,AC-BC-MD-I87W-43,Bottles and Cages Red 43,732,T,2011-10-09,
320,CL-JE-IY-H11Z-58,Jerseys Black 58,179,R,2012-07-27,2013-11-29
638,CO-PE-MR-P72D-44,Pedals Red 44,224,T,2012-06-30,2012-05-31
616,AC-BC-GF-W85Z-38,Bottles and Cages Silver 38,1558,R,2012-11-29,
630,BI-RB-RV-W48V-51,Road Bikes Blue 51,210,R,2013-11-18,
434,BI-MB-XD-I30S-38,Mountain Bikes Silver 38,618,M,2012-08-27,
526,CL-JE-ZE-N77D-49,Jerseys Black 49,768,M,2012-05-24,
334,CO-PE-LL-G39Z-59,Pedals Black 59,,T,2010-05-10,2011-04-06
288,BI-RB-FB-R77Q-48,Road Bikes Silver 48,752,R,2012-01-26,
407,CO-PE-DH-B37C-61,Pedals Yellow 61,1260,R,2010-12-03,2011-11-22
252,BI-RB-IF-S74R-57,Road Bikes Blue 57,1515,R,2013-06-02,
211,BI-MB-TO-U19E-62,Mountain Bikes White 62,359,M,2010-06-07,
599,CO-PE-YT-B93K-42,Pedals Yellow 42,1462,,2011-06-17,
451,BI-MB-DM-V27V-61,Mountain Bikes Blue 61,555,M,2011-08-29,
544,AC-HE-ZV-U61H-50,Helmets Black 50,1580,M,2011-11-04,
418,BI-RB-US-J79Z-51,Road Bikes Red 51,458,R,2011-08-23,2012-12-21
646,CO-WH-OZ-H42X-51,Wheels White 51,675,R,2012-02-18,2012-01-19
355,CL-GL-OT-Q47N-51,Gloves Silver 51,1220,S,2012-09-11,
569,BI-TB-JY-P52U-46,Touring Bikes Black 46,621,T,2010-01-23,2009-12-24
671,AC-BR-VS-Z92Q-45,Bike Racks Red 45,25,R,2012-10-13,
545,CL-JE-BD-V80S-43,Jerseys Blue 43,1033,S,2010-05-08,
415,BI-TB-PU-L87E-50,Touring Bikes Silver 50,812,T,2013-08-27,
236,BI-MB-WW-Z64L-57,Mountain Bikes Black 57,620,M,2010-03-08,
313,AC-BC-KL-Q60N-61,Bottles and Cages Blue 61,579,,2010-12-24,2011-09-02
648,CO-WH-OZ-H42X-51,Wheels White 51,810,R,2014-04-19,
384,CO-WH-RS-G67W-55,Wheels Black 55,863,R,2011-10-12,
510,BI-MB-AQ-O80M-41,Mountain Bikes Black 41,100,M,2011-11-15,
587,BI-MB-SX-I68W-49,Mountain Bikes Blue 49,1191,M,2012-05-05,2013-04-17
435,AC-BC-TG-C11X-49,Bottles and Cages Black 49,954,,2011-02-09,2012-03-20
456,AC-HE-ZS-S29E-56,Helmets Red 56,1021,M,2012-07-20,2013-10-17
460,AC-BR-WG-G72X-53,Bike Racks Blue 53,580,,2011-07-19,2012-05-13
393,BI-MB-FO-D28L-50,Mountain Bikes Black 50,680, M,2012-05-11,
448,CL-GL-RG-W18J-51,Gloves White 51,986,T,2013-08-03,
598,BI-MB-JC-L17O-42,Mountain Bikes Yellow 42,60,M,2010-06-07,
462,CO-PE-FU-L62J-48,Pedals Red 48,528,S,2010-12-31,
560,CO-PE-KF-M18R-57,Pedals Blue 57,1496,T,2010-05-14,
617,BI-RB-NB-N58V-58,Road Bikes Red 58,1500, R,2012-07-13,
331,CO-RF-QM-U67W-59,Road Frames Black 59,119,M,2011-07-26,
575,CO-RF-CR-Z34W-53,Road Frames White 53,533,S,2011-09-14,2012-04-22
497,CL-GL-LH-E85C-44,Gloves Black 44,627,R,2011-05-24,
689,CL-SH-NT-N12P-42,Shorts Yellow 42,1242, M,2011-09-06,
311,CL-SH-HO-A27P-46,Shorts Silver 46,510,T,2012-12-04,2014-04-15
467,CL-GL-KR-G56H-58,Gloves Red 58,72,M,2010-07-24,
657,CL-SH-FV-U17D-60,Shorts Red 60,816,T,2012-02-07,
677,BI-RB-TO-V65G-39,Road Bikes White 39,533,R,2011-05-26,
607,CL-GL-ZW-P95P-51,Gloves Red 51,314,R,2012-06-02,2013-05-13
620,AC-BR-KB-J94F-62,Bike Racks Black 62,530,S,2013-03-22,
623,BI-TB-YI-I97T-49,Touring Bikes Black 49,1451,T,2011-04-01,2012-07-23
521,AC-HE-IY-B93E-53,Helmets Silver 53,190,T,2011-06-02,2011-05-03
344,BI-TB-WY-N87Q-41,Touring Bikes Black 41,53,T,2012-07-21,
212,BI-TB-IF-C91N-40,Touring Bikes Red 40,977,T,2010-01-14,2009-12-15
446,AC-HE-JC-D98T-43,Helmets White 43,1074,T,2011-03-06,
363,CO-PE-XI-X68H-52,Pedals Silver 52,860,T,2012-08-08,
279,CO-RF-HN-U56E-42,Road Frames Blue 42,417,R,2012-01-13,2013-01-28
290,CO-PE-HR-P88X-50,Pedals White 50,777,S,2011-07-27,2012-08-14
369,CO-WH-LS-H56D-38,Wheels Silver 38,446,S,2013-08-21,2014-11-22
624,BI-TB-YI-I97T-49,Touring Bikes Black 49,1596,T,2012-07-24,
267,CL-SH-NK-J24M-44,Shorts Black 44,,R,2014-04-30,
536,BI-TB-OQ-P37H-41,Touring Bikes Yellow 41,996,T,2011-02-14,
346,AC-BR-YV-X58H-43,Bike Racks Blue 43,1220,M,2010-07-03,2011-02-26
374,CL-JE-XR-A41B-52,Jerseys Black 52,1318,T,2012-01-29,
666,BI-MB-RR-N57F-42,Mountain Bikes Yellow 42,309,M,2012-03-12,2012-02-11
625,CO-WH-UK-L72Q-46,Wheels Silver 46,249,M,2011-07-17,
482,AC-HE-RU-N10L-47,Helmets White 47,528,S,2010-06-04,
250,BI-RB-NK-U45C-44,Road Bikes Black 44,877,R,2012-08-16,
276,AC-HE-SQ-G13Q-40,Helmets White 40,451,T,2012-07-28,
376,CL-SH-DS-G41M-40,Shorts Yellow 40,605,M,2011-08-29,
383,AC-BC-SH-J74I-46,Bottles and Cages Silver 46,543,T,2011-12-10,
356,CL-SH-UG-A70V-50,Shorts Blue 50,827,S,2010-04-15,2010-03-16
438,AC-BC-DM-M80D-49,Bottles and Cages Blue 49,180,,2011-12-11,
248,CL-GL-SB-C57P-43,Gloves Yellow 43,384, M,2012-04-09,2013-07-13
503,AC-BC-LW-D59X-40,Bottles and Cages Black 40,67,S,2011-01-12,2011-12-15
328,CL-GL-QW-B82E-49,Gloves White 49,1273,T,2012-02-19,2013-01-15
589,CO-WH-TT-R24I-42,Wheels Yellow 42,1032,,2010-11-05,2011-11-04
272,CO-RF-II-G16E-38,Road Frames Yellow 38,824,S,2011-04-11,2011-12-27
394,CL-SH-CR-K35D-60,Shorts Yellow 60,497,M,2012-07-26,2013-02-15
318,CO-WH-VG-I35U-38,Wheels Blue 38,246, M,2011-08-09,2012-05-11
392,BI-MB-NK-X65V-39,Mountain Bikes Red 39,1094,M,2012-04-08,
627,CO-WH-SC-F13T-60,Wheels White 60,1333,T,2011-08-11,
629,BI-RB-RV-W48V-51,Road Bikes Blue 51,193,R,2012-11-18,2013-11-17
534,BI-MB-XM-B43E-44,Mountain Bikes White 44,158,M,2010-11-07,2012-03-02
668,CO-PE-AW-J65M-51,Pedals Yellow 51,553,R,2012-01-01,2012-12-13
504,AC-BC-LW-D59X-40,Bottles and Cages Black 40,74,S,2011-12-16,
266,CL-SH-NK-J24M-44,Shorts Black 44,1588,R,2013-03-20,2014-04-29
532,CO-RF-VP-H50Z-45,Road Frames Black 45,879,T,2012-01-22,
261,AC-BC-UN-T90Y-43,Bottles and Cages Silver 43,644,M,2010-01-10,2011-03-28
343,BI-TB-WY-N87Q-41,Touring Bikes Black 41,48,T,2011-07-31,2012-07-20
298,CL-GL-CZ-B61M-47,Gloves Red 47,1477,T,2012-07-31,
614,AC-BR-DD-E45M-62,Bike Racks Yellow 62,194,T,2012-09-27,
690,CL-GL-TX-J40B-62,Gloves Blue 62,1068,T,2011-06-26,
293,CL-SH-KJ-A14T-41,Shorts Yellow 41,990,S,2011-01-30,
670,AC-BR-VS-Z92Q-45,Bike Racks Red 45,23,R,2012-01-29,2011-12-30
370,CO-WH-LS-H56D-38,Wheels Silver 38,486,S,2014-11-23,
571,BI-TB-JY-P52U-46,Touring Bikes Black 46,745,T,2012-04-25,
443,CO-PE-YB-T47J-53,Pedals Black 53,1474,S,2011-03-23,
213,BI-TB-IF-C91N-40,Touring Bikes Red 40,1075,T,2011-02-07,
282,CO-RF-RG-U35G-59,Road Frames Blue 59,1019,M,2012-12-28,
286,CL-SH-EB-T17W-38,Shorts Silver 38,1093,S,2012-08-10,
341,CO-RF-WZ-C88R-57,Road Frames White 57,1573,M,2012-12-20,
488,AC-HE-UI-F82Z-40,Helmets Red 40,340,M,2013-10-19,2013-09-19
336,CO-RF-MF-Z73W-42,Road Frames Black 42,845,R,2012-07-14,2013-11-06
366,CO-RF-XH-Q52G-60,Road Frames Red 60,1059,T,2012-01-21,
686,BI-RB-DF-C42N-60,Road Bikes Yellow 60,354,R,2010-07-21,
506,BI-TB-WW-Q86Z-62,Touring Bikes Red 62,1373,T,2010-03-15,2010-02-13
299,CL-SH-PO-F84U-46,Shorts Blue 46,523,M,2010-01-01,
372,CL-GL-TW-V91L-43,Gloves Yellow 43,804,T,2011-07-05,2011-06-05
237,CO-PE-VZ-W61Z-57,Pedals Black 57,1194,S,2010-10-27,2011-08-27
452,CL-JE-QY-E63Z-43,Jerseys Red 43,948,S,2011-07-06,2011-06-06
316,BI-MB-PQ-O66U-60,Mountain Bikes White 60,1502,M,2012-05-03,
338,BI-RB-PG-Z61G-45,Road Bikes Red 45,804,R,2010-12-23,2011-11-13
278,AC-BC-VA-M86L-46,Bottles and Cages Red 46,91,,2013-09-26,
319,CO-WH-VG-I35U-38,Wheels Blue 38,269,M,2012-05-12,
684,CL-JE-YK-R88U-50,Jerseys Red 50,161,M,2012-07-03,2013-04-08
515,BI-RB-YC-C78V-60,Road Bikes Black 60,77,R,2010-04-19,
307,AC-BC-NR-F14F-49,Bottles and Cages Black 49,441,R,2011-11-18,2012-08-19
247,BI-RB-EJ-K60F-61,Road Bikes Yellow 61,1380,R,2013-09-30,
524,BI-RB-CQ-B75B-51,Road Bikes Black 51,188,R,2012-05-13,
580,CO-RF-SN-J89J-52,Road Frames Blue 52,1299,,2013-10-06,
373,CL-GL-TW-V91L-43,Gloves Yellow 43,877,T,2012-02-25,
219,BI-MB-JH-M28U-52,Mountain Bikes Red 52,133,M,2013-12-08,
416,BI-MB-GX-P36H-49,Mountain Bikes Yellow 49,14,M,2012-08-01,2013-06-21
621,BI-MB-SS-W35V-48,Mountain Bikes Blue 48,98,M,2012-08-21,
329,CL-GL-QW-B82E-49,Gloves White 49,1400,T,2013-01-16,
367,CL-JE-LC-W40T-58,Jerseys Blue 58,1390,R,2012-05-24,
333,CO-PE-RY-E46Z-38,Pedals White 38,343,M,2010-12-25,
608,CL-GL-ZW-P95P-51,Gloves Red 51,345,R,2013-05-14,
469,CO-RF-IN-E54A-54,Road Frames Black 54,413,S,2011-02-22,2012-04-28
479,CO-RF-WC-S36V-56,Road Frames Blue 56,1411,,2012-06-30,2013-01-22
430,BI-MB-TO-X17P-59,Mountain Bikes Blue 59,181,M,2012-08-16,
652,AC-BC-PO-X39M-43,Bottles and Cages White 43,761,T,2011-05-31,
437,AC-BC-DM-M80D-49,Bottles and Cages Blue 49,164,,2011-02-26,2011-12-10
679,BI-RB-YC-J46R-59,Road Bikes Yellow 59,710,R,2011-05-30,
476,AC-BR-WN-U12V-56,Bike Racks Blue 56,1346,T,2011-08-02,
468,CO-RF-AX-N56K-44,Road Frames Red 44,170,R,2011-10-22,
555,AC-HE-ZT-M57N-47,Helmets Yellow 47,1048,M,2011-10-15,2012-08-28
239,CL-SH-GP-K61K-58,Shorts Blue 58,267,T,2010-02-05,2011-03-19
519,AC-BR-CT-D38C-44,Bike Racks Yellow 44,1583,T,2011-12-06,
489,AC-HE-UI-F82Z-40,Helmets Red 40,371,M,2014-08-28,
360,CO-WH-MJ-U62V-49,Wheels Black 49,1262,S,2012-10-25,
227,CL-GL-BI-D20Q-62,Gloves Blue 62,1180,R,2010-07-26,2011-07-24
275,AC-HE-SQ-G13Q-40,Helmets White 40,410, T,2011-08-20,2011-07-21
509,CL-JE-YP-Q50Y-51,Jerseys Red 51,649,M,2011-02-17,
421,BI-TB-PP-O40T-39,Touring Bikes Yellow 39,1176, T,2011-03-30,
573,BI-RB-GZ-G92L-46,Road Bikes Black 46,711,R,2010-12-14,
240,CL-SH-GP-K61K-58,Shorts Blue 58,294,T,2011-03-20,2012-05-08
556,AC-HE-ZT-M57N-47,Helmets Yellow 47,1144,M,2012-08-29,
513,CO-WH-MA-W57K-61,Wheels Silver 61,752,,2014-01-24,
632,AC-HE-ME-D77Q-41,Helmets Black 41,1327,M,2012-08-29,
255,CO-RF-DN-J13F-59,Road Frames Blue 59,,S,2012-06-28,
654,AC-BR-BO-W41L-41,Bike Racks Red 41,359,R,2012-08-19,
535,BI-MB-XM-B43E-44,Mountain Bikes White 44,174,M,2012-03-03,
667,BI-MB-RR-N57F-42,Mountain Bikes Yellow 42,340,M,2013-03-28,
417,BI-MB-GX-P36H-49,Mountain Bikes Yellow 49,15,M,2013-06-22,
216,CO-PE-VA-M47Z-47,Pedals Blue 47,1145,M,2011-01-14,
332,AC-BC-NM-H12I-38,Bottles and Cages Silver 38,63,,2010-08-03,
368,CO-WH-LS-H56D-38,Wheels Silver 38,405,S,2012-08-20,2013-08-20
634,CL-SH-AB-K93Q-39,Shorts Blue 39,1008,M,2012-06-09,
232,CL-SH-PP-D92E-54,Shorts Yellow 54,202,T,2011-05-06,2012-04-23
529,CO-RF-LZ-M29V-52,Road Frames Yellow 52,1385,,2012-01-05,2012-11-03
644,CO-RF-FA-W76O-43,Road Frames Yellow 43,873, M,2010-07-08,
325,AC-BC-AO-V63F-59,Bottles and Cages Red 59,1226,M,2013-08-15,
371,CL-GL-TW-V91L-43,Gloves Yellow 43,731,T,2010-05-10,2011-07-04
400,CL-JE-UD-D69I-56,Jerseys Red 56,1272,M,2012-08-15,2012-07-16
297,CL-GL-CZ-B61M-47,Gloves Red 47,1343, T,2011-09-07,2012-07-30
253,BI-MB-RX-K52S-61,Mountain Bikes Silver 61,278,M,2011-11-22,
604,BI-MB-DE-M55I-53,Mountain Bikes Black 53,404,M,2011-10-08,
351,CO-PE-ES-S65J-44,Pedals Red 44,1006,S,2011-07-31,2012-02-21
643,CL-JE-RQ-D45D-39,Jerseys Blue 39,1158,R,2010-12-31,
543,AC-HE-ZV-U61H-50,Helmets Black 50,1436,M,2011-03-12,2011-11-03
523,CL-SH-FF-U14Q-43,Shorts Yellow 43,898,,2012-08-17,
284,BI-MB-WN-H39S-54,Mountain Bikes Yellow 54,1047,M,2012-08-20,
215,CL-SH-AJ-X16R-41,Shorts Silver 41,,R,2010-02-26,
317,CO-WH-VG-I35U-38,Wheels Blue 38,224,M,2010-12-21,2011-08-08
508,CL-JE-YP-Q50Y-51,Jerseys Red 51,590,M,2010-01-22,2011-02-16
530,CO-RF-LZ-M29V-52,Road Frames Yellow 52,1524,,2012-11-04,
650,CL-JE-FG-W42C-61,Jerseys Silver 61,757,T,2010-02-23,
386,CL-GL-AT-J96X-51,Gloves Black 51,,T,2013-05-29,
295,BI-TB-XO-B22S-45,Touring Bikes White 45,563,T,2011-01-21,
222,CO-PE-WE-R40R-40,Pedals Red 40,428,S,2010-10-14,2011-12-17
388,BI-MB-TK-Z14L-56,Mountain Bikes White 56,465,M,2011-07-02,
538,CL-JE-JE-Q60K-55,Jerseys Black 55,1415,M,2013-03-07,
590,CO-WH-TT-R24I-42,Wheels Yellow 42,1135,,2011-11-05,
600,BI-TB-QP-S47I-48,Touring Bikes Yellow 48,1059,T,2012-03-26,2012-02-25
461,AC-BR-WG-G72X-53,Bike Racks Blue 53,632,,2012-05-14,
223,CO-PE-WE-R40R-40,Pedals Red 40,471,S,2011-12-18,
472,CL-JE-XC-U75X-49,Jerseys Blue 49,87,T,2011-03-23,
618,CL-GL-BM-B40F-58,Gloves Silver 58,886,,2012-01-10,
431,BI-TB-QY-M89P-61,Touring Bikes Black 61,315,T,2011-08-07,
340,CO-RF-WZ-C88R-57,Road Frames White 57,1430,M,2012-05-17,2012-12-19
633,CL-SH-AB-K93Q-39,Shorts Blue 39,916,M,2011-08-16,2012-06-08
228,CL-GL-BI-D20Q-62,Gloves Blue 62,1298,R,2011-07-25,2012-03-07
381,CL-SH-ZN-H62U-51,Shorts Yellow 51,646,S,2013-01-20,
379,CO-PE-MH-J81E-50,Pedals Red 50,1439,S,2011-04-13,
335,CO-PE-LL-G39Z-59,Pedals Black 59,1283,T,2011-04-07,
533,CL-JE-TF-B46T-38,Jerseys Red 38,523,M,2010-04-07,
214,BI-TB-MQ-X13I-44,Touring Bikes Black 44,637,T,2011-05-04,
631,AC-HE-ME-D77Q-41,Helmets Black 41,1206,M,2011-07-17,2012-08-28
678,BI-RB-YC-J46R-59,Road Bikes Yellow 59,645,R,2010-08-09,2010-07-10
304,CL-SH-KJ-K80G-48,Shorts Red 48,64,M,2013-04-28,
458,AC-HE-ZS-S29E-56,Helmets Red 56,1225,M,2014-05-26,
500,CO-WH-YD-N36S-58,Wheels Yellow 58,1387,,2010-09-27,2011-06-05
676,BI-MB-MB-W42V-42,Mountain Bikes Silver 42,1270,M,2012-09-25,
537,CL-JE-JE-Q60K-55,Jerseys Black 55,1286,M,2012-04-12,2013-03-06
505,BI-TB-FA-X21S-45,Touring Bikes Red 45,1033,T,2011-05-16,
675,BI-MB-MB-W42V-42,Mountain Bikes Silver 42,1155,M,2011-09-07,2012-09-24
546,CL-SH-XY-H54X-61,Shorts White 61,725,,2010-01-16,
480,CO-RF-WC-S36V-56,Road Frames Blue 56,1552,,2013-01-23,
457,AC-HE-ZS-S29E-56,Helmets Red 56,1123,M,2013-10-18,2014-05-25
218,BI-MB-JH-M28U-52,Mountain Bikes Red 52,122,M,2012-10-19,2013-12-07
